model,rmse_train,mae_train,r2_train,rmse_val,mae_val,r2_val,rmse_test,mae_test,r2_test,runtime_sec,source_file
MLPRegressor,,,,12338.20040249213,8490.587550722335,0.5815528287026304,11823.744442662515,8269.142063618816,0.5864944182315303,1.218,metrics_mlp.csv
RBF_from_scratch,,,,,,,,,,,metrics_rbf.csv
RBF_scratch,,,,17066.432637855032,8804.596152693524,0.1993872571179196,17483.646184845773,11188.636668172308,0.0958607440522926,,metrics_rbf_scratch.csv
BayesianRidge_prob,,,,3317.5564664003514,2401.743212121212,0.9697466380399103,3508.4638859623024,2562.895636363636,0.9635912869004448,0.037,metrics_bayesian_ridge.csv
FuzzySugeno_concept,,,,2392.405359703577,1735.7843038628966,0.9842671815970562,2938.790201622742,2278.047655070455,0.9744548490133528,0.035,metrics_fuzzy_sugeno.csv
RNN_Elman_scratch,,,,19094.331284975666,12733.37717590669,-0.0059214959410851,18408.41829746185,12326.025650936988,-0.0023150610960249,3.111,metrics_rnn_elman_scratch.csv
GA_opt_MLP,,,,1996.46729659867,,,2493.391255724303,1899.7247180709608,0.981611251554346,52.364,ga_best_mlp.csv
