model,seq_len,hidden_dim,lr,rmse_val,mae_val,r2_val,rmse_test,mae_test,r2_test,runtime_sec
RNN_Elman_scratch,3,16,0.001,19094.331284975662,12733.37717590669,-0.005921495941085153,18408.41829746185,12326.025650936988,-0.002315061096024973,3.111
