model,seq_len,hidden_dim,lr,rmse_val,mae_val,r2_val,rmse_test,mae_test,r2_test,runtime_sec
RNN_Elman_scratch,3,16,0.001,19040.027193280737,13058.045540887177,-0.00020797029545427392,18389.68884436563,12650.694015922065,-0.0002765086772422709,3.163
