model,split,RMSE,MAE,R2
RBF_from_scratch,val,4806.738182290208,1953.6111787179384,0.9364906115367344
RBF_from_scratch,test,5594.54121611361,2450.8799591259076,0.9074236054085217
