model,split,RMSE,MAE,R2
LinearRegression,val,1.480084453303685e-11,1.0665892411700703e-11,1.0
LinearRegression,test,1.7219914344760377e-11,1.0845035307504462e-11,1.0
